HDR,9960069967,20260330,9960069967,Macmillan Distribution,Swansea Warehouse,PONTADULAIS,,SWANSEA,,SA4 8QD,UK,,                                                                                                                                                 
DTL,9960069967,1,9780750917544,6,                                                                                                                                                                                                                              
HDR,9960069968,20260330,9960069968,Macmillan Distribution,Swansea Warehouse,PONTADULAIS,,SWANSEA,,SA4 8QD,UK,,                                                                                                                                                 
DTL,9960069968,1,9780750960748,25,                                                                                                                                                                                                                             
HDR,9960069969,20260330,9960069969,Macmillan Distribution,Swansea Warehouse,PONTADULAIS,,SWANSEA,,SA4 8QD,UK,,                                                                                                                                                 
DTL,9960069969,1,9780750967655,11,                                                                                                                                                                                                                             
HDR,9960069972,20260330,9960069972,Macmillan Distribution,Swansea Warehouse,PONTADULAIS,,SWANSEA,,SA4 8QD,UK,,                                                                                                                                                 
DTL,9960069972,1,9780752443522,6,                                                                                                                                                                                                                              
HDR,9960069973,20260330,9960069973,Macmillan Distribution,Swansea Warehouse,PONTADULAIS,,SWANSEA,,SA4 8QD,UK,,                                                                                                                                                 
DTL,9960069973,1,9780752447469,19,                                                                                                                                                                                                                             
HDR,9960069974,20260330,9960069974,Macmillan Distribution,Swansea Warehouse,PONTADULAIS,,SWANSEA,,SA4 8QD,UK,,                                                                                                                                                 
DTL,9960069974,1,9780752460277,13,                                                                                                                                                                                                                             
HDR,9960069976,20260330,9960069976,Macmillan Distribution,Swansea Warehouse,PONTADULAIS,,SWANSEA,,SA4 8QD,UK,,                                                                                                                                                 
DTL,9960069976,1,9780752476834,10,                                                                                                                                                                                                                             
HDR,9960069977,20260330,9960069977,Macmillan Distribution,Swansea Warehouse,PONTADULAIS,,SWANSEA,,SA4 8QD,UK,,                                                                                                                                                 
DTL,9960069977,1,9780752499802,10,                                                                                                                                                                                                                             
HDR,9960069978,20260330,9960069978,Macmillan Distribution,Swansea Warehouse,PONTADULAIS,,SWANSEA,,SA4 8QD,UK,,                                                                                                                                                 
DTL,9960069978,1,9781803996479,49,                                                                                                                                                                                                                             
