HDR,4000000672,20260330,4000000672,Macmillan Distribution,Swansea Warehouse,PONTADULAIS,LP,SWANSEA,,SA4 8QD,UK,,                                                                                                                                               
DTL,4000000672,1,9781845885892,1,                                                                                                                                                                                                                              
DTL,4000000672,2,9781845885892,1,                                                                                                                                                                                                                              
DTL,4000000672,3,9781845885892,1,                                                                                                                                                                                                                              
DTL,4000000672,4,9780750928434,1,                                                                                                                                                                                                                              
DTL,4000000672,5,9780750934534,1,                                                                                                                                                                                                                              
DTL,4000000672,6,9780750935340,1,                                                                                                                                                                                                                              
DTL,4000000672,7,9780750939140,1,                                                                                                                                                                                                                              
DTL,4000000672,8,9780750943222,1,                                                                                                                                                                                                                              
DTL,4000000672,9,9780750949170,1,                                                                                                                                                                                                                              
DTL,4000000672,10,9780750949439,1,                                                                                                                                                                                                                             
DTL,4000000672,11,9780750950428,5,                                                                                                                                                                                                                             
DTL,4000000672,12,9780750983679,1,                                                                                                                                                                                                                             
HDR,4000000673,20260330,4000000673,Macmillan Distribution,Swansea Warehouse,PONTADULAIS,LP,SWANSEA,,SA4 8QD,UK,,                                                                                                                                               
DTL,4000000673,1,9780750984355,1,                                                                                                                                                                                                                              
DTL,4000000673,2,9780750993036,5,                                                                                                                                                                                                                              
DTL,4000000673,3,9780752400266,1,                                                                                                                                                                                                                              
DTL,4000000673,4,9780752403410,1,                                                                                                                                                                                                                              
DTL,4000000673,5,9780752421322,1,                                                                                                                                                                                                                              
DTL,4000000673,6,9780752421322,1,                                                                                                                                                                                                                              
DTL,4000000673,7,9780752422688,1,                                                                                                                                                                                                                              
DTL,4000000673,8,9780752432373,1,                                                                                                                                                                                                                              
DTL,4000000673,9,9780752435077,1,                                                                                                                                                                                                                              
DTL,4000000673,10,9780752435169,1,                                                                                                                                                                                                                             
DTL,4000000673,11,9780752439129,1,                                                                                                                                                                                                                             
DTL,4000000673,12,9780752440835,1,                                                                                                                                                                                                                             
HDR,4000000674,20260330,4000000674,Macmillan Distribution,Swansea Warehouse,PONTADULAIS,LP,SWANSEA,,SA4 8QD,UK,,                                                                                                                                               
DTL,4000000674,1,9780752441900,2,                                                                                                                                                                                                                              
DTL,4000000674,2,9780752442556,5,                                                                                                                                                                                                                              
DTL,4000000674,3,9780752444963,8,                                                                                                                                                                                                                              
HDR,4000000675,20260330,4000000675,Macmillan Distribution,Swansea Warehouse,PONTADULAIS,LP,SWANSEA,,SA4 8QD,UK,,                                                                                                                                               
DTL,4000000675,1,9780752455136,2,                                                                                                                                                                                                                              
DTL,4000000675,2,9780752455310,7,                                                                                                                                                                                                                              
DTL,4000000675,3,9780752457321,1,                                                                                                                                                                                                                              
DTL,4000000675,4,9780752460185,1,                                                                                                                                                                                                                              
HDR,4000000676,20260330,4000000676,Macmillan Distribution,Swansea Warehouse,PONTADULAIS,LP,SWANSEA,,SA4 8QD,UK,,                                                                                                                                               
DTL,4000000676,1,9780752463391,10,                                                                                                                                                                                                                             
DTL,4000000676,2,9780752486222,1,                                                                                                                                                                                                                              
DTL,4000000676,3,9780752487571,1,                                                                                                                                                                                                                              
DTL,4000000676,4,9780752491028,1,                                                                                                                                                                                                                              
DTL,4000000676,5,9780752493114,1,                                                                                                                                                                                                                              
